date,min_temperature,max_temperature
1997/1/1,16,25
1997/1/2,18,22
1997/1/3,17,18
1997/1/4,17,20
1997/1/5,15,19
1997/1/6,14,18
1997/1/7,14,19
1997/1/8,11,18
1997/1/9,11,16
1997/1/10,11,19
1997/1/11,12,20
1997/1/12,12,19
1997/1/13,15,19
1997/1/14,17,23
1997/1/15,17,21
1997/1/16,17,22
1997/1/17,18,21
1997/1/18,17,22
1997/1/19,17,21
1997/1/20,16,22
1997/1/21,18,23
1997/1/22,16,19
1997/1/23,13,19
1997/1/24,10,14
1997/1/25,10,13
1997/1/26,12,19
1997/1/27,13,20
1997/1/28,14,21
1997/1/29,14,22
1997/1/30,18,24
1997/1/31,17,26
1997/2/1,17,20
1997/2/2,17,20
1997/2/3,14,18
1997/2/4,14,19
1997/2/5,15,18
1997/2/6,14,17
1997/2/7,13,19
1997/2/8,13,18
1997/2/9,14,18
1997/2/10,16,17
1997/2/11,14,18
1997/2/12,13,15
1997/2/13,13,16
1997/2/14,14,16
1997/2/15,14,16
1997/2/16,13,15
1997/2/17,13,15
1997/2/18,11,18
1997/2/19,13,19
1997/2/20,14,21
1997/2/21,13,23
1997/2/22,16,21
1997/2/23,15,21
1997/2/24,16,24
1997/2/25,19,24
1997/2/26,21,26
1997/2/27,18,23
1997/2/28,17,24
1997/3/1,17,26
1997/3/2,16,22
1997/3/3,14,19
1997/3/4,14,21
1997/3/5,17,22
1997/3/6,17,26
1997/3/7,18,26
1997/3/8,19,26
1997/3/9,19,23
1997/3/10,20,26
1997/3/11,21,26
1997/3/12,20,25
1997/3/13,21,27
1997/3/14,21,26
1997/3/15,20,28
1997/3/16,21,23
1997/3/17,18,20
1997/3/18,18,20
1997/3/19,19,26
1997/3/20,17,21
1997/3/21,18,21
1997/3/22,18,23
1997/3/23,17,19
1997/3/24,16,19
1997/3/25,16,21
1997/3/26,19,26
1997/3/27,19,22
1997/3/28,19,21
1997/3/29,19,24
1997/3/30,18,26
1997/3/31,19,24
1997/4/1,19,22
1997/4/2,21,26
1997/4/3,21,27
1997/4/4,21,23
1997/4/5,20,26
1997/4/6,21,23
1997/4/7,20,22
1997/4/8,21,26
1997/4/9,22,25
1997/4/10,20,22
1997/4/11,20,28
1997/4/12,21,26
1997/4/13,22,25
1997/4/14,22,26
1997/4/15,24,29
1997/4/16,22,26
1997/4/17,21,24
1997/4/18,22,27
1997/4/19,22,26
1997/4/20,21,24
1997/4/21,22,28
1997/4/22,23,29
1997/4/23,22,25
1997/4/24,21,23
1997/4/25,19,23
1997/4/26,20,26
1997/4/27,22,27
1997/4/28,21,29
1997/4/29,24,28
1997/4/30,25,29
1997/5/1,24,29
1997/5/2,25,30
1997/5/3,25,30
1997/5/4,22,27
1997/5/5,23,27
1997/5/6,24,28
1997/5/7,24,27
1997/5/8,23,28
1997/5/9,23,27
1997/5/10,22,25
1997/5/11,24,31
1997/5/12,26,30
1997/5/13,27,31
1997/5/14,27,32
1997/5/15,27,32
1997/5/16,28,32
1997/5/17,25,29
1997/5/18,25,32
1997/5/19,26,31
1997/5/20,26,30
1997/5/21,23,27
1997/5/22,23,25
1997/5/23,22,25
1997/5/24,21,27
1997/5/25,23,30
1997/5/26,23,30
1997/5/27,22,29
1997/5/28,23,29
1997/5/29,25,29
1997/5/30,25,29
1997/5/31,26,31
1997/6/1,25,31
1997/6/2,27,32
1997/6/3,25,31
1997/6/4,24,31
1997/6/5,28,31
1997/6/6,27,32
1997/6/7,29,31
1997/6/8,29,32
1997/6/9,29,32
1997/6/10,26,31
1997/6/11,26,29
1997/6/12,27,30
1997/6/13,25,27
1997/6/14,25,29
1997/6/15,24,27
1997/6/16,23,26
1997/6/17,23,26
1997/6/18,23,26
1997/6/19,25,29
1997/6/20,26,31
1997/6/21,26,31
1997/6/22,25,29
1997/6/23,26,32
1997/6/24,25,30
1997/6/25,26,32
1997/6/26,26,30
1997/6/27,26,32
1997/6/28,27,31
1997/6/29,26,32
1997/6/30,27,30
1997/7/1,24,29
1997/7/2,25,29
1997/7/3,24,27
1997/7/4,23,30
1997/7/5,28,30
1997/7/6,26,31
1997/7/7,26,31
1997/7/8,27,30
1997/7/9,28,30
1997/7/10,26,30
1997/7/11,26,30
1997/7/12,27,32
1997/7/13,28,32
1997/7/14,27,32
1997/7/15,26,31
1997/7/16,26,30
1997/7/17,25,29
1997/7/18,25,28
1997/7/19,26,28
1997/7/20,25,31
1997/7/21,27,32
1997/7/22,28,32
1997/7/23,26,32
1997/7/24,27,32
1997/7/25,28,30
1997/7/26,28,32
1997/7/27,28,33
1997/7/28,28,33
1997/7/29,28,35
1997/7/30,29,34
1997/7/31,29,32
1997/8/1,26,31
1997/8/2,25,28
1997/8/3,25,29
1997/8/4,28,31
1997/8/5,28,33
1997/8/6,28,33
1997/8/7,26,32
1997/8/8,25,30
1997/8/9,29,31
1997/8/10,28,31
1997/8/11,25,32
1997/8/12,26,30
1997/8/13,26,29
1997/8/14,26,31
1997/8/15,27,33
1997/8/16,27,31
1997/8/17,26,33
1997/8/18,28,35
1997/8/19,29,35
1997/8/20,29,34
1997/8/21,26,30
1997/8/22,26,29
1997/8/23,27,31
1997/8/24,25,30
1997/8/25,26,31
1997/8/26,27,31
1997/8/27,25,31
1997/8/28,28,35
1997/8/29,28,37
1997/8/30,30,34
1997/8/31,29,32
1997/9/1,28,33
1997/9/2,29,31
1997/9/3,27,30
1997/9/4,27,31
1997/9/5,26,33
1997/9/6,28,32
1997/9/7,25,28
1997/9/8,25,29
1997/9/9,25,31
1997/9/10,26,32
1997/9/11,26,32
1997/9/12,26,32
1997/9/13,27,32
1997/9/14,24,32
1997/9/15,26,30
1997/9/16,26,31
1997/9/17,25,31
1997/9/18,24,30
1997/9/19,25,30
1997/9/20,27,30
1997/9/21,20,25
1997/9/22,22,27
1997/9/23,23,27
1997/9/24,25,28
1997/9/25,25,30
1997/9/26,25,29
1997/9/27,23,28
1997/9/28,20,23
1997/9/29,20,23
1997/9/30,22,25
1997/10/1,24,29
1997/10/2,26,30
1997/10/3,25,28
1997/10/4,26,31
1997/10/5,26,31
1997/10/6,25,29
1997/10/7,26,30
1997/10/8,26,28
1997/10/9,25,28
1997/10/10,24,30
1997/10/11,26,30
1997/10/12,26,29
1997/10/13,26,30
1997/10/14,25,30
1997/10/15,25,31
1997/10/16,26,31
1997/10/17,24,29
1997/10/18,24,28
1997/10/19,26,31
1997/10/20,25,31
1997/10/21,25,32
1997/10/22,26,30
1997/10/23,26,30
1997/10/24,26,30
1997/10/25,26,29
1997/10/26,25,29
1997/10/27,21,27
1997/10/28,19,24
1997/10/29,20,28
1997/10/30,21,28
1997/10/31,20,26
1997/11/1,19,25
1997/11/2,19,27
1997/11/3,21,28
1997/11/4,22,28
1997/11/5,20,26
1997/11/6,19,24
1997/11/7,20,26
1997/11/8,21,26
1997/11/9,22,25
1997/11/10,22,26
1997/11/11,23,28
1997/11/12,24,29
1997/11/13,22,31
1997/11/14,21,29
1997/11/15,23,31
1997/11/16,20,29
1997/11/17,17,22
1997/11/18,16,21
1997/11/19,18,24
1997/11/20,21,27
1997/11/21,21,29
1997/11/22,21,29
1997/11/23,23,25
1997/11/24,22,25
1997/11/25,24,29
1997/11/26,26,29
1997/11/27,25,27
1997/11/28,24,28
1997/11/29,22,27
1997/11/30,21,23
1997/12/1,18,27
1997/12/2,15,18
1997/12/3,15,19
1997/12/4,16,24
1997/12/5,20,23
1997/12/6,22,26
1997/12/7,17,26
1997/12/8,13,19
1997/12/9,12,19
1997/12/10,13,18
1997/12/11,13,18
1997/12/12,14,17
1997/12/13,14,19
1997/12/14,15,21
1997/12/15,15,24
1997/12/16,17,25
1997/12/17,17,27
1997/12/18,19,24
1997/12/19,20,25
1997/12/20,20,27
1997/12/21,21,23
1997/12/22,17,21
1997/12/23,14,19
1997/12/24,14,18
1997/12/25,17,22
1997/12/26,19,22
1997/12/27,18,22
1997/12/28,19,24
1997/12/29,18,24
1997/12/30,17,27
1997/12/31,20,22
1998/1/1,19,27
1998/1/2,19,22
1998/1/3,20,23
1998/1/4,18,26
1998/1/5,15,19
1998/1/6,17,20
1998/1/7,18,22
1998/1/8,18,27
1998/1/9,20,23
1998/1/10,20,25
1998/1/11,20,27
1998/1/12,16,20
1998/1/13,18,23
1998/1/14,18,25
1998/1/15,13,18
1998/1/16,13,19
1998/1/17,13,19
1998/1/18,10,17
1998/1/19,10,13
1998/1/20,13,15
1998/1/21,13,16
1998/1/22,16,19
1998/1/23,12,20
1998/1/24,9,13
1998/1/25,11,13
1998/1/26,11,15
1998/1/27,15,17
1998/1/28,13,20
1998/1/29,13,15
1998/1/30,14,18
1998/1/31,15,20
1998/2/1,17,23
1998/2/2,16,20
1998/2/3,18,23
1998/2/4,10,19
1998/2/5,9,11
1998/2/6,9,12
1998/2/7,10,18
1998/2/8,10,19
1998/2/9,15,21
1998/2/10,18,24
1998/2/11,17,22
1998/2/12,18,26
1998/2/13,20,25
1998/2/14,19,24
1998/2/15,18,21
1998/2/16,17,23
1998/2/17,19,25
1998/2/18,18,20
1998/2/19,19,26
1998/2/20,22,27
1998/2/21,16,22
1998/2/22,14,17
1998/2/23,14,17
1998/2/24,14,18
1998/2/25,14,20
1998/2/26,14,17
1998/2/27,14,18
1998/2/28,14,16
1998/3/1,15,17
1998/3/2,15,18
1998/3/3,16,21
1998/3/4,17,21
1998/3/5,16,24
1998/3/6,17,20
1998/3/7,18,21
1998/3/8,19,21
1998/3/9,22,26
1998/3/10,13,24
1998/3/11,13,17
1998/3/12,13,17
1998/3/13,15,20
1998/3/14,18,19
1998/3/15,17,20
1998/3/16,17,21
1998/3/17,18,21
1998/3/18,17,21
1998/3/19,18,25
1998/3/20,20,27
1998/3/21,14,22
1998/3/22,12,17
1998/3/23,16,23
1998/3/24,17,24
1998/3/25,19,25
1998/3/26,20,24
1998/3/27,21,29
1998/3/28,21,28
1998/3/29,22,28
1998/3/30,21,27
1998/3/31,21,28
1998/4/1,22,29
1998/4/2,21,27
1998/4/3,19,23
1998/4/4,20,25
1998/4/5,21,29
1998/4/6,22,28
1998/4/7,21,28
1998/4/8,22,29
1998/4/9,23,29
1998/4/10,24,30
1998/4/11,24,29
1998/4/12,22,27
1998/4/13,23,28
1998/4/14,23,27
1998/4/15,23,28
1998/4/16,21,28
1998/4/17,21,33
1998/4/18,23,31
1998/4/19,23,27
1998/4/20,21,26
1998/4/21,23,27
1998/4/22,24,29
1998/4/23,27,29
1998/4/24,27,29
1998/4/25,25,29
1998/4/26,22,29
1998/4/27,23,25
1998/4/28,24,27
1998/4/29,24,28
1998/4/30,24,28
1998/5/1,26,31
1998/5/2,23,30
1998/5/3,23,27
1998/5/4,24,29
1998/5/5,25,29
1998/5/6,24,31
1998/5/7,26,31
1998/5/8,27,31
1998/5/9,27,31
1998/5/10,27,31
1998/5/11,27,33
1998/5/12,27,32
1998/5/13,28,32
1998/5/14,27,32
1998/5/15,24,29
1998/5/16,26,32
1998/5/17,26,29
1998/5/18,26,31
1998/5/19,26,28
1998/5/20,26,30
1998/5/21,26,28
1998/5/22,26,29
1998/5/23,27,30
1998/5/24,23,28
1998/5/25,21,26
1998/5/26,21,27
1998/5/27,25,28
1998/5/28,24,31
1998/5/29,27,32
1998/5/30,25,28
1998/5/31,25,28
1998/6/1,27,31
1998/6/2,27,31
1998/6/3,27,31
1998/6/4,25,29
1998/6/5,25,29
1998/6/6,23,26
1998/6/7,22,25
1998/6/8,23,28
1998/6/9,24,29
1998/6/10,25,29
1998/6/11,25,30
1998/6/12,29,31
1998/6/13,29,32
1998/6/14,29,33
1998/6/15,29,33
1998/6/16,29,33
1998/6/17,30,33
1998/6/18,30,33
1998/6/19,27,31
1998/6/20,29,32
1998/6/21,29,33
1998/6/22,28,31
1998/6/23,26,31
1998/6/24,28,31
1998/6/25,29,31
1998/6/26,26,32
1998/6/27,27,29
1998/6/28,26,32
1998/6/29,27,33
1998/6/30,28,33
1998/7/1,26,33
1998/7/2,26,30
1998/7/3,25,29
1998/7/4,24,30
1998/7/5,25,30
1998/7/6,25,31
1998/7/7,26,31
1998/7/8,27,31
1998/7/9,26,31
1998/7/10,26,33
1998/7/11,28,33
1998/7/12,28,32
1998/7/13,24,31
1998/7/14,27,33
1998/7/15,28,33
1998/7/16,29,33
1998/7/17,29,34
1998/7/18,29,34
1998/7/19,29,34
1998/7/20,29,33
1998/7/21,30,34
1998/7/22,29,33
1998/7/23,30,33
1998/7/24,30,33
1998/7/25,30,34
1998/7/26,29,34
1998/7/27,29,34
1998/7/28,29,34
1998/7/29,29,34
1998/7/30,29,33
1998/7/31,29,34
1998/8/1,29,34
1998/8/2,28,34
1998/8/3,30,35
1998/8/4,29,34
1998/8/5,30,33
1998/8/6,28,32
1998/8/7,26,30
1998/8/8,27,33
1998/8/9,27,34
1998/8/10,27,30
1998/8/11,26,29
1998/8/12,27,32
1998/8/13,28,33
1998/8/14,28,34
1998/8/15,28,33
1998/8/16,28,34
1998/8/17,27,33
1998/8/18,29,35
1998/8/19,28,35
1998/8/20,28,33
1998/8/21,29,35
1998/8/22,28,33
1998/8/23,28,31
1998/8/24,28,33
1998/8/25,28,34
1998/8/26,29,34
1998/8/27,26,32
1998/8/28,26,33
1998/8/29,28,34
1998/8/30,26,33
1998/8/31,25,31
1998/9/1,26,29
1998/9/2,27,30
1998/9/3,27,31
1998/9/4,27,31
1998/9/5,27,32
1998/9/6,25,31
1998/9/7,26,32
1998/9/8,27,32
1998/9/9,27,31
1998/9/10,26,30
1998/9/11,26,31
1998/9/12,26,28
1998/9/13,26,30
1998/9/14,26,32
1998/9/15,28,34
1998/9/16,28,33
1998/9/17,28,33
1998/9/18,28,32
1998/9/19,26,32
1998/9/20,25,31
1998/9/21,26,32
1998/9/22,25,31
1998/9/23,26,32
1998/9/24,27,32
1998/9/25,27,33
1998/9/26,27,32
1998/9/27,27,32
1998/9/28,26,31
1998/9/29,25,30
1998/9/30,24,30
1998/10/1,25,31
1998/10/2,26,32
1998/10/3,26,32
1998/10/4,26,28
1998/10/5,26,28
1998/10/6,26,31
1998/10/7,26,30
1998/10/8,26,33
1998/10/9,25,28
1998/10/10,25,27
1998/10/11,26,29
1998/10/12,26,32
1998/10/13,26,31
1998/10/14,26,32
1998/10/15,24,29
1998/10/16,25,30
1998/10/17,24,30
1998/10/18,21,28
1998/10/19,24,30
1998/10/20,25,29
1998/10/21,23,27
1998/10/22,23,29
1998/10/23,23,30
1998/10/24,24,30
1998/10/25,23,28
1998/10/26,22,25
1998/10/27,22,28
1998/10/28,23,27
1998/10/29,23,28
1998/10/30,24,29
1998/10/31,24,28
1998/11/1,25,28
1998/11/2,21,25
1998/11/3,21,26
1998/11/4,21,27
1998/11/5,24,27
1998/11/6,22,27
1998/11/7,20,27
1998/11/8,21,26
1998/11/9,19,28
1998/11/10,20,27
1998/11/11,21,26
1998/11/12,19,26
1998/11/13,21,26
1998/11/14,21,27
1998/11/15,24,29
1998/11/16,25,30
1998/11/17,23,29
1998/11/18,22,26
1998/11/19,20,25
1998/11/20,20,25
1998/11/21,21,26
1998/11/22,19,25
1998/11/23,19,24
1998/11/24,19,25
1998/11/25,21,25
1998/11/26,18,21
1998/11/27,20,22
1998/11/28,19,22
1998/11/29,21,24
1998/11/30,22,26
1998/12/1,23,28
1998/12/2,23,27
1998/12/3,15,24
1998/12/4,14,16
1998/12/5,15,21
1998/12/6,17,21
1998/12/7,15,20
1998/12/8,15,20
1998/12/9,14,20
1998/12/10,14,20
1998/12/11,14,19
1998/12/12,14,20
1998/12/13,16,20
1998/12/14,14,17
1998/12/15,15,18
1998/12/16,16,20
1998/12/17,15,22
1998/12/18,19,23
1998/12/19,17,20
1998/12/20,19,22
1998/12/21,20,25
1998/12/22,18,25
1998/12/23,18,24
1998/12/24,18,22
1998/12/25,16,21
1998/12/26,16,21
1998/12/27,16,22
1998/12/28,17,22
1998/12/29,18,22
1998/12/30,18,23
1998/12/31,18,24
1999/1/1,17,21
1999/1/2,15,20
1999/1/3,13,19
1999/1/4,14,21
1999/1/5,14,20
1999/1/6,13,21
1999/1/7,14,19
1999/1/8,12,19
1999/1/9,15,18
1999/1/10,14,18
1999/1/11,14,17
1999/1/12,9,15
1999/1/13,9,13
1999/1/14,10,13
1999/1/15,9,13
1999/1/16,10,15
1999/1/17,12,16
1999/1/18,12,17
1999/1/19,15,22
1999/1/20,16,20
1999/1/21,15,19
1999/1/22,17,22
1999/1/23,18,23
1999/1/24,19,23
1999/1/25,19,23
1999/1/26,18,23
1999/1/27,19,23
1999/1/28,19,26
1999/1/29,19,22
1999/1/30,18,22
1999/1/31,19,25
1999/2/1,21,26
1999/2/2,18,22
1999/2/3,14,20
1999/2/4,12,18
1999/2/5,13,20
1999/2/6,14,21
1999/2/7,15,21
1999/2/8,16,22
1999/2/9,17,24
1999/2/10,19,26
1999/2/11,17,26
1999/2/12,17,22
1999/2/13,16,21
1999/2/14,16,22
1999/2/15,17,24
1999/2/16,18,24
1999/2/17,19,24
1999/2/18,19,25
1999/2/19,14,19
1999/2/20,12,14
1999/2/21,12,15
1999/2/22,13,18
1999/2/23,17,23
1999/2/24,16,25
1999/2/25,18,24
1999/2/26,21,28
1999/2/27,19,25
1999/2/28,18,22
1999/3/1,18,23
1999/3/2,19,25
1999/3/3,19,26
1999/3/4,20,27
1999/3/5,19,27
1999/3/6,19,27
1999/3/7,22,27
1999/3/8,20,24
1999/3/9,20,24
1999/3/10,16,26
1999/3/11,13,15
1999/3/12,13,16
1999/3/13,15,17
1999/3/14,16,17
1999/3/15,16,19
1999/3/16,15,20
1999/3/17,19,24
1999/3/18,24,29
1999/3/19,26,28
1999/3/20,25,28
1999/3/21,14,23
1999/3/22,12,16
1999/3/23,14,19
1999/3/24,19,24
1999/3/25,21,28
1999/3/26,25,28
1999/3/27,23,31
1999/3/28,20,23
1999/3/29,17,21
1999/3/30,15,21
1999/3/31,18,25
1999/4/1,21,28
1999/4/2,23,29
1999/4/3,20,25
1999/4/4,20,23
1999/4/5,19,24
1999/4/6,18,28
1999/4/7,21,28
1999/4/8,21,26
1999/4/9,23,27
1999/4/10,23,30
1999/4/11,23,26
1999/4/12,23,28
1999/4/13,23,30
1999/4/14,22,25
1999/4/15,21,27
1999/4/16,24,29
1999/4/17,26,31
1999/4/18,28,31
1999/4/19,24,26
1999/4/20,24,28
1999/4/21,23,29
1999/4/22,23,29
1999/4/23,24,30
1999/4/24,27,29
1999/4/25,27,31
1999/4/26,27,32
1999/4/27,24,28
1999/4/28,23,26
1999/4/29,20,23
1999/4/30,19,23
1999/5/1,21,25
1999/5/2,23,25
1999/5/3,23,30
1999/5/4,24,30
1999/5/5,21,26
1999/5/6,18,22
1999/5/7,18,26
1999/5/8,19,23
1999/5/9,18,21
1999/5/10,19,27
1999/5/11,21,30
1999/5/12,24,28
1999/5/13,23,29
1999/5/14,24,29
1999/5/15,25,30
1999/5/16,26,31
1999/5/17,28,32
1999/5/18,25,32
1999/5/19,24,26
1999/5/20,25,28
1999/5/21,25,27
1999/5/22,26,30
1999/5/23,26,32
1999/5/24,28,32
1999/5/25,27,31
1999/5/26,25,32
1999/5/27,22,25
1999/5/28,22,24
1999/5/29,22,26
1999/5/30,25,29
1999/5/31,26,31
1999/6/1,27,32
1999/6/2,27,33
1999/6/3,26,33
1999/6/4,28,33
1999/6/5,27,33
1999/6/6,28,35
1999/6/7,26,30
1999/6/8,27,31
1999/6/9,28,32
1999/6/10,27,31
1999/6/11,28,32
1999/6/12,28,33
1999/6/13,28,33
1999/6/14,28,33
1999/6/15,28,32
1999/6/16,28,32
1999/6/17,26,30
1999/6/18,28,32
1999/6/19,27,32
1999/6/20,27,32
1999/6/21,27,30
1999/6/22,28,31
1999/6/23,25,31
1999/6/24,29,33
1999/6/25,29,32
1999/6/26,29,32
1999/6/27,28,33
1999/6/28,28,33
1999/6/29,28,33
1999/6/30,28,33
1999/7/1,28,32
1999/7/2,28,33
1999/7/3,27,32
1999/7/4,26,30
1999/7/5,26,30
1999/7/6,26,31
1999/7/7,27,32
1999/7/8,26,31
1999/7/9,26,30
1999/7/10,29,32
1999/7/11,29,33
1999/7/12,29,32
1999/7/13,28,33
1999/7/14,29,34
1999/7/15,29,32
1999/7/16,28,32
1999/7/17,28,32
1999/7/18,29,32
1999/7/19,29,34
1999/7/20,29,34
1999/7/21,29,34
1999/7/22,29,34
1999/7/23,29,31
1999/7/24,28,34
1999/7/25,29,35
1999/7/26,27,33
1999/7/27,26,31
1999/7/28,27,33
1999/7/29,28,33
1999/7/30,29,34
1999/7/31,29,34
1999/8/1,28,34
1999/8/2,27,34
1999/8/3,28,32
1999/8/4,28,33
1999/8/5,26,32
1999/8/6,26,33
1999/8/7,29,33
1999/8/8,26,33
1999/8/9,27,31
1999/8/10,26,31
1999/8/11,26,30
1999/8/12,27,29
1999/8/13,27,29
1999/8/14,27,32
1999/8/15,28,32
1999/8/16,28,33
1999/8/17,28,33
1999/8/18,27,33
1999/8/19,27,34
1999/8/20,27,35
1999/8/21,27,36
1999/8/22,25,29
1999/8/23,25,26
1999/8/24,24,28
1999/8/25,25,28
1999/8/26,26,31
1999/8/27,27,31
1999/8/28,27,29
1999/8/29,27,30
1999/8/30,28,32
1999/8/31,27,31
1999/9/1,26,32
1999/9/2,27,32
1999/9/3,27,31
1999/9/4,28,33
1999/9/5,28,32
1999/9/6,28,33
1999/9/7,28,33
1999/9/8,27,32
1999/9/9,27,31
1999/9/10,27,32
1999/9/11,27,33
1999/9/12,28,34
1999/9/13,29,34
1999/9/14,28,34
1999/9/15,28,32
1999/9/16,24,28
1999/9/17,24,28
1999/9/18,27,32
1999/9/19,27,31
1999/9/20,26,30
1999/9/21,26,29
1999/9/22,24,29
1999/9/23,23,29
1999/9/24,23,31
1999/9/25,25,28
1999/9/26,23,26
1999/9/27,25,29
1999/9/28,26,29
1999/9/29,26,30
1999/9/30,26,31
1999/10/1,27,30
1999/10/2,26,31
1999/10/3,25,32
1999/10/4,24,28
1999/10/5,24,29
1999/10/6,25,29
1999/10/7,25,30
1999/10/8,25,29
1999/10/9,26,28
1999/10/10,25,32
1999/10/11,26,31
1999/10/12,27,31
1999/10/13,27,31
1999/10/14,27,33
1999/10/15,27,31
1999/10/16,25,32
1999/10/17,22,27
1999/10/18,20,26
1999/10/19,22,26
1999/10/20,23,29
1999/10/21,25,29
1999/10/22,25,29
1999/10/23,25,29
1999/10/24,22,28
1999/10/25,24,29
1999/10/26,24,29
1999/10/27,24,29
1999/10/28,24,29
1999/10/29,24,29
1999/10/30,25,27
1999/10/31,25,29
1999/11/1,21,28
1999/11/2,18,24
1999/11/3,18,25
1999/11/4,20,26
1999/11/5,23,28
1999/11/6,24,27
1999/11/7,24,29
1999/11/8,23,28
1999/11/9,22,25
1999/11/10,23,27
1999/11/11,23,27
1999/11/12,21,25
1999/11/13,22,25
1999/11/14,22,26
1999/11/15,21,27
1999/11/16,19,25
1999/11/17,18,23
1999/11/18,16,21
1999/11/19,19,23
1999/11/20,19,24
1999/11/21,20,25
1999/11/22,22,26
1999/11/23,20,29
1999/11/24,21,28
1999/11/25,20,28
1999/11/26,21,26
1999/11/27,21,26
1999/11/28,14,24
1999/11/29,12,18
1999/11/30,14,20
1999/12/1,17,22
1999/12/2,17,23
1999/12/3,16,20
1999/12/4,16,19
1999/12/5,17,20
1999/12/6,14,18
1999/12/7,15,19
1999/12/8,14,20
1999/12/9,15,21
1999/12/10,15,22
1999/12/11,16,23
1999/12/12,19,21
1999/12/13,19,23
1999/12/14,19,23
1999/12/15,17,21
1999/12/16,16,20
1999/12/17,15,17
1999/12/18,13,16
1999/12/19,13,17
1999/12/20,10,15
1999/12/21,7,14
1999/12/22,6,11
1999/12/23,5,12
1999/12/24,7,16
1999/12/25,9,16
1999/12/26,10,18
1999/12/27,15,19
1999/12/28,16,22
1999/12/29,14,19
1999/12/30,14,23
1999/12/31,14,24
2000/1/1,14,23
2000/1/2,16,24
2000/1/3,18,24
2000/1/4,18,23
2000/1/5,19,25
2000/1/6,18,25
2000/1/7,18,21
2000/1/8,17,22
2000/1/9,18,22
2000/1/10,18,24
2000/1/11,19,22
2000/1/12,19,24
2000/1/13,17,20
2000/1/14,18,20
2000/1/15,18,23
2000/1/16,18,23
2000/1/17,13,18
2000/1/18,11,13
2000/1/19,9,15
2000/1/20,11,18
2000/1/21,14,17
2000/1/22,17,20
2000/1/23,16,20
2000/1/24,18,19
2000/1/25,10,17
2000/1/26,8,11
2000/1/27,7,13
2000/1/28,8,16
2000/1/29,13,17
2000/1/30,10,18
2000/1/31,10,14
2000/2/1,8,12
2000/2/2,8,14
2000/2/3,12,16
2000/2/4,15,18
2000/2/5,15,21
2000/2/6,13,18
2000/2/7,13,19
2000/2/8,12,17
2000/2/9,14,19
2000/2/10,14,20
2000/2/11,18,22
2000/2/12,16,22
2000/2/13,17,23
2000/2/14,16,22
2000/2/15,16,20
2000/2/16,15,20
2000/2/17,16,19
2000/2/18,17,21
2000/2/19,19,24
2000/2/20,16,25
2000/2/21,13,16
2000/2/22,14,16
2000/2/23,15,15
2000/3/28,22,22
2000/3/29,20,28
2000/3/30,19,26
2000/3/31,22,27
2000/4/1,24,29
2000/4/2,22,26
2000/4/3,21,26
2000/4/4,20,23
2000/4/5,21,24
2000/4/6,20,22
2000/4/7,20,23
2000/4/8,21,25
2000/4/9,21,27
2000/4/10,23,26
2000/4/11,21,24
2000/4/12,21,26
2000/4/13,23,25
2000/4/14,22,27
2000/4/15,22,25
2000/4/16,19,26
2000/4/17,20,26
2000/4/18,22,29
2000/4/19,24,28
2000/4/20,27,27
2000/4/23,24,28
2000/4/24,24,25
2000/4/27,25,25
2000/4/28,22,22
2000/4/29,27,27
2000/5/1,27,32
2000/5/2,25,28
2000/5/3,25,25
2000/5/4,22,28
2000/5/5,23,30
2000/5/6,24,30
2000/5/7,24,30
2000/5/8,25,28
2000/5/9,25,29
2000/5/10,24,26
2000/5/11,24,29
2000/5/12,25,30
2000/5/13,25,31
2000/5/14,25,30
2000/5/15,27,33
2000/5/16,25,33
2000/5/17,26,32
2000/5/18,26,30
2000/5/19,22,26
2000/5/20,22,30
2000/5/21,25,28
2000/5/22,25,31
2000/5/23,25,29
2000/5/24,25,28
2000/5/25,26,31
2000/5/26,28,32
2000/5/27,28,32
2000/5/28,27,32
2000/5/29,28,32
2000/5/30,28,33
2000/5/31,28,32
2000/6/1,29,30
2000/6/10,33,33
2000/6/11,30,32
2000/6/12,23,30
2000/6/13,22,25
2000/6/14,23,29
2000/6/15,25,30
2000/6/16,24,31
2000/6/17,25,29
2000/6/18,25,28
2000/6/19,25,31
2000/6/20,26,29
2000/6/21,28,32
2000/6/22,27,32
2000/6/23,28,32
2000/6/24,29,32
2000/6/25,27,31
2000/6/26,28,32
2000/6/27,28,33
2000/6/28,27,34
2000/6/29,27,34
2000/6/30,28,34
2000/7/1,27,34
2000/7/2,28,34
2000/7/3,25,33
2000/7/4,27,33
2000/7/5,29,32
2000/7/6,28,31
2000/7/7,27,33
2000/7/8,28,33
2000/7/9,27,33
2000/7/10,27,34
2000/7/11,28,32
2000/7/12,28,33
2000/7/13,28,34
2000/7/14,29,33
2000/7/15,28,34
2000/7/16,27,32
2000/7/17,26,29
2000/7/18,26,29
2000/7/19,26,29
2000/7/20,26,29
2000/7/21,27,29
2000/7/22,27,32
2000/7/23,26,32
2000/7/24,28,33
2000/7/25,28,34
2000/7/26,29,34
2000/7/27,29,34
2000/7/28,29,34
2000/7/29,29,35
2000/7/30,29,34
2000/7/31,29,34
2000/8/1,26,29
2000/8/2,25,29
2000/8/3,25,29
2000/8/4,25,29
2000/8/5,26,28
2000/8/6,26,31
2000/8/7,26,32
2000/8/8,26,32
2000/8/9,27,33
2000/8/10,28,34
2000/8/11,29,35
2000/8/12,29,30
2000/8/27,26,28
2000/9/1,26,31
2000/9/2,26,30
2000/9/3,27,33
2000/9/4,27,33
2000/9/5,27,33
2000/9/6,27,32
2000/9/7,27,33
2000/9/8,27,30
2000/9/9,26,32
2000/9/10,24,30
2000/9/11,24,31
2000/9/12,26,32
2000/9/13,25,30
2000/9/14,25,30
2000/9/15,25,31
2000/9/16,25,31
2000/9/17,25,31
2000/9/18,26,31
2000/9/19,26,32
2000/9/20,25,29
2000/9/21,27,32
2000/9/22,26,32
2000/9/23,27,32
2000/9/24,26,31
2000/9/25,26,32
2000/9/26,27,32
2000/9/27,27,32
2000/9/28,27,32
2000/9/29,27,31
2000/9/30,26,31
2000/10/1,26,32
2000/10/2,26,33
2000/10/3,26,32
2000/10/4,26,31
2000/10/5,27,32
2000/10/6,27,30
2000/10/7,27,31
2000/10/8,26,33
2000/10/9,27,33
2000/10/10,27,33
2000/10/11,28,32
2000/10/12,26,30
2000/10/13,21,27
2000/10/14,20,22
2000/10/15,20,25
2000/10/16,21,28
2000/10/17,22,29
2000/10/18,24,27
2000/10/19,22,26
2000/10/20,24,26
2000/10/21,25,27
2000/10/22,26,30
2000/10/23,27,31
2000/10/24,25,31
2000/10/25,27,31
2000/10/26,27,30
2000/10/27,25,30
2000/10/28,25,28
2000/10/29,21,27
2000/10/30,19,24
2000/10/31,19,24
2000/11/1,19,25
2000/11/2,17,23
2000/11/3,16,24
2000/11/4,21,24
2000/11/5,21,26
2000/11/6,22,26
2000/11/7,22,25
2000/11/8,24,27
2000/11/9,23,25
2000/11/10,22,26
2000/11/11,17,24
2000/11/12,14,17
2000/11/13,13,20
2000/11/14,19,24
2000/11/15,21,27
2000/11/16,18,24
2000/11/17,17,20
2000/11/18,17,23
2000/11/19,19,22
2000/11/20,14,20
2000/11/21,14,17
2000/11/22,14,20
2000/11/23,16,22
2000/11/24,21,25
2000/11/25,21,28
2000/11/26,22,26
2000/11/27,21,28
2000/11/28,22,25
2000/11/29,20,25
2000/11/30,20,27
2000/12/1,20,26
2000/12/2,20,25
2000/12/3,17,21
2000/12/4,15,20
2000/12/5,17,22
2000/12/6,19,24
2000/12/7,19,25
2000/12/8,20,25
2000/12/9,19,25
2000/12/10,19,26
2000/12/11,19,24
2000/12/12,14,18
2000/12/13,11,13
2000/12/14,12,18
2000/12/15,14,20
2000/12/16,18,23
2000/12/17,20,24
2000/12/18,19,24
2000/12/19,21,23
2000/12/20,18,23
2000/12/21,12,17
2000/12/22,12,17
2000/12/23,12,19
2000/12/24,14,22
2000/12/25,15,23
2000/12/26,17,23
2000/12/27,19,23
2000/12/28,17,24
2000/12/29,17,21
2000/12/30,15,20
2000/12/31,13,20
2001/1/1,12,21
2001/1/2,16,22
2001/1/3,18,23
2001/1/4,18,21
2001/1/5,18,23
2001/1/6,19,23
2001/1/7,17,24
2001/1/8,17,24
2001/1/9,14,22
2001/1/10,12,16
2001/1/11,13,17
2001/1/12,17,22
2001/1/13,15,19
2001/1/14,13,20
2001/1/15,12,16
2001/1/16,13,18
2001/1/17,15,20
2001/1/18,16,25
2001/1/19,19,25
2001/1/20,17,25
2001/1/21,19,22
2001/1/22,19,25
2001/1/23,18,23
2001/1/24,18,22
2001/1/25,15,25
2001/1/26,11,14
2001/1/27,10,13
2001/1/28,10,13
2001/1/29,12,16
2001/1/30,15,18
2001/1/31,16,20
2001/2/1,14,18
2001/2/2,11,14
2001/2/3,13,16
2001/2/4,13,15
2001/2/5,15,19
2001/2/6,17,24
2001/2/7,17,22
2001/2/8,14,16
2001/2/9,14,17
2001/2/10,13,16
2001/2/11,14,21
2001/2/12,16,24
2001/2/13,15,21
2001/2/14,10,16
2001/2/15,12,19
2001/2/16,15,20
2001/2/17,15,21
2001/2/18,17,24
2001/2/19,16,25
2001/2/20,18,26
2001/2/21,19,25
2001/2/22,18,26
2001/2/23,18,27
2001/2/24,19,26
2001/2/25,12,20
2001/2/26,12,17
2001/2/27,17,21
2001/2/28,17,18
2001/3/1,14,21
2001/3/2,17,21
2001/3/3,18,23
2001/3/4,17,24
2001/3/5,17,24
2001/3/6,20,26
2001/3/7,19,25
2001/3/8,15,19
2001/3/9,15,20
2001/3/10,18,19
2001/3/11,17,19
2001/3/12,16,21
2001/3/13,17,22
2001/3/14,19,26
2001/3/15,20,26
2001/3/16,22,27
2001/3/17,22,28
2001/3/18,21,25
2001/3/19,20,28
2001/3/20,22,27
2001/3/21,20,26
2001/3/22,21,27
2001/3/23,23,28
2001/3/24,25,29
2001/3/25,21,27
2001/3/26,19,21
2001/3/27,20,21
2001/3/28,19,24
2001/3/29,18,22
2001/3/30,18,25
2001/3/31,21,25
2001/4/1,20,23
2001/4/2,21,27
2001/4/3,22,29
2001/4/4,19,25
2001/4/5,19,23
2001/4/6,20,23
2001/4/7,20,24
2001/4/8,23,28
2001/4/9,23,27
2001/4/10,22,24
2001/4/11,15,23
2001/4/12,15,22
2001/4/13,19,22
2001/4/14,20,22
2001/4/15,20,27
2001/4/16,21,27
2001/4/17,23,27
2001/4/18,23,28
2001/4/19,22,26
2001/4/20,25,30
2001/4/21,24,28
2001/4/22,21,24
2001/4/23,20,23
2001/4/24,21,26
2001/4/25,20,22
2001/4/26,21,27
2001/4/27,22,27
2001/4/28,24,30
2001/4/29,26,32
2001/4/30,26,33
2001/5/1,24,28
2001/5/2,24,27
2001/5/3,24,26
2001/5/4,24,29
2001/5/5,25,31
2001/5/6,27,32
2001/5/7,28,32
2001/5/8,27,32
2001/5/9,23,32
2001/5/10,23,27
2001/5/11,24,28
2001/5/12,24,29
2001/5/13,23,30
2001/5/14,25,30
2001/5/15,26,31
2001/5/16,26,30
2001/5/17,26,28
2001/5/18,25,29
2001/5/19,26,29
2001/5/20,27,32
2001/5/21,25,32
2001/5/22,26,30
2001/5/23,26,31
2001/5/24,26,31
2001/5/25,27,31
2001/5/26,27,33
2001/5/27,26,32
2001/5/28,27,31
2001/5/29,27,31
2001/5/30,25,30
2001/5/31,25,31
2001/6/1,26,30
2001/6/2,26,29
2001/6/3,26,31
2001/6/4,28,33
2001/6/5,25,32
2001/6/6,26,30
2001/6/7,24,28
2001/6/8,25,28
2001/6/9,25,28
2001/6/10,28,32
2001/6/11,24,28
2001/6/12,25,31
2001/6/13,24,32
2001/6/14,25,29
2001/6/15,26,31
2001/6/16,26,31
2001/6/17,27,32
2001/6/18,28,32
2001/6/19,28,34
2001/6/20,29,33
2001/6/21,29,33
2001/6/22,28,34
2001/6/23,27,35
2001/6/24,27,32
2001/6/25,26,30
2001/6/26,26,29
2001/6/27,25,29
2001/6/28,27,32
2001/6/29,28,33
2001/6/30,26,32
2001/7/1,27,30
2001/7/2,27,30
2001/7/3,28,32
2001/7/4,25,33
2001/7/5,27,34
2001/7/6,26,28
2001/7/7,28,30
2001/7/8,27,32
2001/7/9,27,33
2001/7/10,27,33
2001/7/11,28,33
2001/7/12,29,32
2001/7/13,25,30
2001/7/14,28,31
2001/7/15,24,29
2001/7/16,26,32
2001/7/17,24,29
2001/7/18,25,31
2001/7/19,27,30
2001/7/20,27,31
2001/7/21,25,30
2001/7/22,27,31
2001/7/23,27,33
2001/7/24,26,33
2001/7/25,26,29
2001/7/26,27,29
2001/7/27,27,32
2001/7/28,27,32
2001/7/29,27,33
2001/7/30,29,33
2001/7/31,29,34
2001/8/1,27,32
2001/8/2,25,32
2001/8/3,26,32
2001/8/4,27,33
2001/8/5,28,34
2001/8/6,28,34
2001/8/7,29,35
2001/8/8,29,35
2001/8/9,29,35
2001/8/10,29,34
2001/8/11,27,32
2001/8/12,27,32
2001/8/13,27,32
2001/8/14,28,32
2001/8/15,28,34
2001/8/16,26,32
2001/8/17,26,33
2001/8/18,28,32
2001/8/19,28,32
2001/8/20,27,33
2001/8/21,28,34
2001/8/22,28,35
2001/8/23,29,35
2001/8/24,29,35
2001/8/25,29,34
2001/8/26,29,33
2001/8/27,27,33
2001/8/28,27,29
2001/8/29,26,28
2001/8/30,26,29
2001/8/31,29,31
2001/9/1,26,29
2001/9/2,26,29
2001/9/3,26,28
2001/9/4,27,31
2001/9/5,25,27
2001/9/6,26,31
2001/9/7,26,30
2001/9/8,26,33
2001/9/9,27,31
2001/9/10,27,30
2001/9/11,27,31
2001/9/12,27,32
2001/9/13,26,32
2001/9/14,26,33
2001/9/15,26,33
2001/9/16,26,34
2001/9/17,27,34
2001/9/18,27,34
2001/9/19,28,34
2001/9/20,25,32
2001/9/21,26,29
2001/9/22,27,31
2001/9/23,27,33
2001/9/24,27,32
2001/9/25,28,32
2001/9/26,28,31
2001/9/27,27,31
2001/9/28,27,32
2001/9/29,26,31
2001/9/30,27,33
2001/10/1,27,33
2001/10/2,27,31
2001/10/3,27,31
2001/10/4,25,29
2001/10/5,25,29
2001/10/6,26,30
2001/10/7,26,31
2001/10/8,26,31
2001/10/9,25,29
2001/10/10,24,29
2001/10/11,25,30
2001/10/12,25,29
2001/10/13,25,29
2001/10/14,25,29
2001/10/15,24,30
2001/10/16,24,30
2001/10/17,24,30
2001/10/18,24,28
2001/10/19,25,29
2001/10/20,24,29
2001/10/21,24,27
2001/10/22,25,31
2001/10/23,25,28
2001/10/24,25,30
2001/10/25,25,29
2001/10/26,25,30
2001/10/27,24,29
2001/10/28,25,28
2001/10/29,21,26
2001/10/30,22,28
2001/10/31,24,29
2001/11/1,24,30
2001/11/2,25,30
2001/11/3,25,29
2001/11/4,25,27
2001/11/5,24,29
2001/11/6,21,24
2001/11/7,21,26
2001/11/8,21,26
2001/11/9,20,26
2001/11/10,19,25
2001/11/11,20,26
2001/11/12,20,25
2001/11/13,18,23
2001/11/14,14,22
2001/11/15,13,20
2001/11/16,13,23
2001/11/17,14,24
2001/11/18,16,24
2001/11/19,15,24
2001/11/20,16,23
2001/11/21,16,23
2001/11/22,15,23
2001/11/23,17,23
2001/11/24,16,23
2001/11/25,15,24
2001/11/26,19,26
2001/11/27,19,24
2001/11/28,20,24
2001/11/29,22,26
2001/11/30,21,26
2001/12/1,22,26
2001/12/2,22,26
2001/12/3,21,26
2001/12/4,22,29
2001/12/5,22,26
2001/12/6,18,23
2001/12/7,16,21
2001/12/8,18,21
2001/12/9,18,21
2001/12/10,18,20
2001/12/11,17,22
2001/12/12,20,25
2001/12/13,15,19
2001/12/14,12,16
2001/12/15,15,20
2001/12/16,19,21
2001/12/17,17,21
2001/12/18,13,17
2001/12/19,13,18
2001/12/20,15,20
2001/12/21,11,17
2001/12/22,8,15
2001/12/23,10,18
2001/12/24,10,19
2001/12/25,11,21
2001/12/26,13,18
2001/12/27,15,18
2001/12/28,13,17
2001/12/29,12,17
2001/12/30,12,20
2001/12/31,14,21
2002/1/2,16,21
2002/1/3,12,19
2002/1/4,12,20
2002/1/5,13,22
2002/1/6,15,22
2002/1/7,14,23
2002/1/8,17,22
2002/1/9,16,21
2002/1/10,15,21
2002/1/11,16,22
2002/1/12,17,23
2002/1/13,19,26
2002/1/14,20,22
2002/1/15,19,22
2002/1/16,20,25
2002/1/17,17,26
2002/1/18,18,25
2002/1/19,15,18
2002/1/20,12,15
2002/1/21,8,17
2002/1/22,11,16
2002/1/23,14,19
2002/1/24,16,18
2002/1/25,13,18
2002/1/26,12,14
2002/1/27,10,12
2002/1/28,10,12
2002/1/29,11,16
2002/1/30,14,18
2002/1/31,14,20
2002/2/1,12,17
2002/2/2,9,15
2002/2/3,15,17
2002/2/4,16,19
2002/2/5,14,17
2002/2/6,15,18
2002/2/7,17,20
2002/2/8,17,22
2002/2/9,17,23
2002/2/10,17,19
2002/2/11,15,19
2002/2/12,15,21
2002/2/13,15,23
2002/2/14,18,25
2002/2/15,17,21
2002/2/16,17,22
2002/2/17,17,24
2002/2/18,18,24
2002/2/19,18,23
2002/2/20,16,21
2002/2/21,17,24
2002/2/22,18,25
2002/2/23,18,24
2002/2/24,19,23
2002/2/25,18,23
2002/2/26,18,25
2002/2/27,20,26
2002/2/28,18,25
2002/3/1,21,27
2002/3/2,21,25
2002/3/3,19,24
2002/3/4,20,24
2002/3/5,17,26
2002/3/6,14,20
2002/3/7,15,22
2002/3/8,17,24
2002/3/9,20,24
2002/3/10,19,26
2002/3/11,20,26
2002/3/12,21,26
2002/3/13,22,25
2002/3/14,21,25
2002/3/15,23,27
2002/3/16,21,26
2002/3/17,20,24
2002/3/18,19,23
2002/3/19,20,25
2002/3/20,20,26
2002/3/21,20,28
2002/3/22,22,26
2002/3/23,20,24
2002/3/24,19,22
2002/3/25,20,24
2002/3/26,22,24
2002/3/27,22,27
2002/3/28,23,26
2002/3/29,21,28
2002/3/30,21,25
2002/3/31,22,23
2002/4/1,22,29
2002/4/2,23,30
2002/4/3,25,30
2002/4/4,24,28
2002/4/5,25,29
2002/4/6,23,29
2002/4/7,25,29
2002/4/8,25,29
2002/4/9,24,29
2002/4/10,20,25
2002/4/11,17,20
2002/4/12,17,22
2002/4/13,19,28
2002/4/14,21,28
2002/4/15,24,29
2002/4/16,25,29
2002/4/17,24,30
2002/4/18,24,28
2002/4/19,23,28
2002/4/20,24,31
2002/4/21,23,30
2002/4/22,24,30
2002/4/23,27,33
2002/4/24,25,33
2002/4/25,25,27
2002/4/26,23,27
2002/4/27,23,28
2002/4/28,24,29
2002/4/29,25,31
2002/4/30,26,31
2002/5/1,25,31
2002/5/2,26,33
2002/5/3,26,32
2002/5/4,26,32
2002/5/5,26,32
2002/5/6,26,32
2002/5/7,26,32
2002/5/8,26,31
2002/5/9,26,30
2002/5/10,26,31
2002/5/11,24,30
2002/5/12,27,31
2002/5/13,27,30
2002/5/14,24,32
2002/5/15,24,29
2002/5/16,24,30
2002/5/17,23,28
2002/5/18,24,28
2002/5/19,25,30
2002/5/20,26,30
2002/5/21,29,32
2002/5/22,26,32
2002/5/23,26,30
2002/5/24,26,29
2002/5/25,24,30
2002/5/26,24,31
2002/5/27,25,32
2002/5/28,26,32
2002/5/29,26,32
2002/5/30,25,34
2002/5/31,26,32
2002/6/1,26,32
2002/6/2,24,30
2002/6/3,27,30
2002/6/4,27,31
2002/6/5,27,32
2002/6/6,26,32
2002/6/7,27,32
2002/6/8,27,33
2002/6/9,25,30
2002/6/10,26,32
2002/6/11,25,29
2002/6/12,26,32
2002/6/13,28,32
2002/6/14,28,32
2002/6/15,29,32
2002/6/16,29,32
2002/6/17,28,33
2002/6/18,29,32
2002/6/19,29,33
2002/6/20,28,31
2002/6/21,29,33
2002/6/22,29,33
2002/6/23,28,32
2002/6/24,29,34
2002/6/25,29,34
2002/6/26,29,34
2002/6/27,29,35
2002/6/28,27,33
2002/6/29,29,34
2002/6/30,29,33
2002/7/1,28,32
2002/7/2,25,32
2002/7/3,27,33
2002/7/4,28,33
2002/7/5,27,34
2002/7/6,27,32
2002/7/7,27,31
2002/7/8,26,32
2002/7/9,27,32
2002/7/10,27,34
2002/7/11,28,34
2002/7/12,28,34
2002/7/13,29,34
2002/7/14,28,34
2002/7/15,29,35
2002/7/16,27,30
2002/7/17,27,32
2002/7/18,29,32
2002/7/19,29,31
2002/7/20,29,32
2002/7/21,28,33
2002/7/22,27,31
2002/7/23,27,31
2002/7/24,27,32
2002/7/25,28,33
2002/7/26,27,31
2002/7/27,27,29
2002/7/28,26,31
2002/7/29,24,30
2002/7/30,27,30
2002/7/31,26,30
2002/8/1,26,34
2002/8/2,24,31
2002/8/3,26,31
2002/8/4,27,31
2002/8/5,26,30
2002/8/6,25,29
2002/8/7,28,32
2002/8/8,26,30
2002/8/9,24,29
2002/8/10,25,30
2002/8/11,27,32
2002/8/12,27,32
2002/8/13,27,32
2002/8/14,27,33
2002/8/15,27,34
2002/8/16,28,34
2002/8/17,29,34
2002/8/18,26,29
2002/8/19,26,30
2002/8/20,27,31
2002/8/21,28,32
2002/8/22,26,32
2002/8/23,27,33
2002/8/24,27,33
2002/8/25,28,33
2002/8/26,28,34
2002/8/27,28,34
2002/8/28,27,34
2002/8/29,27,35
2002/8/30,29,34
2002/8/31,28,34
2002/9/1,27,34
2002/9/2,28,33
2002/9/3,26,32
2002/9/4,25,32
2002/9/5,26,34
2002/9/6,27,33
2002/9/7,27,33
2002/9/8,26,31
2002/9/9,25,32
2002/9/10,27,32
2002/9/11,25,28
2002/9/12,24,28
2002/9/13,26,30
2002/9/14,26,28
2002/9/15,24,27
2002/9/16,23,28
2002/9/17,23,26
2002/9/18,25,32
2002/9/19,27,33
2002/9/20,27,32
2002/9/21,27,31
2002/9/22,24,28
2002/9/23,25,29
2002/9/24,23,28
2002/9/25,24,26
2002/9/26,26,30
2002/9/27,26,31
2002/9/28,27,31
2002/9/29,25,28
2002/9/30,25,28
2002/10/1,24,26
2002/10/2,24,29
2002/10/3,26,30
2002/10/4,26,31
2002/10/5,26,31
2002/10/6,24,27
2002/10/7,24,26
2002/10/8,22,29
2002/10/9,20,27
2002/10/10,21,28
2002/10/11,23,29
2002/10/12,25,30
2002/10/13,26,30
2002/10/14,25,31
2002/10/15,24,31
2002/10/16,25,30
2002/10/17,26,29
2002/10/18,26,31
2002/10/19,26,31
2002/10/20,26,31
2002/10/21,22,28
2002/10/22,20,23
2002/10/23,19,21
2002/10/24,18,24
2002/10/25,22,29
2002/10/26,24,28
2002/10/27,22,26
2002/10/28,24,26
2002/10/29,25,27
2002/10/30,21,25
2002/10/31,21,24
2002/11/1,21,26
2002/11/2,20,24
2002/11/3,18,25
2002/11/4,18,23
2002/11/5,17,25
2002/11/6,20,25
2002/11/7,19,27
2002/11/8,20,27
2002/11/9,21,26
2002/11/10,21,27
2002/11/11,23,27
2002/11/12,22,28
2002/11/13,22,29
2002/11/14,23,28
2002/11/15,21,29
2002/11/16,18,21
2002/11/17,17,22
2002/11/18,19,22
2002/11/19,18,22
2002/11/20,19,23
2002/11/21,21,24
2002/11/22,17,22
2002/11/23,17,22
2002/11/24,18,24
2002/11/25,16,21
2002/11/26,16,21
2002/11/27,18,21
2002/11/28,15,20
2002/11/29,18,23
2002/11/30,20,22
2002/12/1,20,23
2002/12/2,21,24
2002/12/3,22,28
2002/12/4,21,25
2002/12/5,23,27
2002/12/6,23,29
2002/12/7,24,29
2002/12/8,12,21
2002/12/9,10,16
2002/12/10,13,19
2002/12/11,13,18
2002/12/12,12,20
2002/12/13,12,19
2002/12/14,16,21
2002/12/15,18,24
2002/12/16,20,25
2002/12/17,20,24
2002/12/18,21,24
2002/12/19,20,26
2002/12/20,18,21
2002/12/21,17,21
2002/12/22,16,20
2002/12/23,17,21
2002/12/24,16,20
2002/12/25,15,19
2002/12/26,7,15
2002/12/27,6,8
2002/12/28,7,13
2002/12/29,11,15
2002/12/30,13,17
2002/12/31,12,16
2003/1/1,14,17
2003/1/2,16,19
2003/1/3,11,18
2003/1/4,11,19
2003/1/5,13,18
2003/1/6,7,15
2003/1/7,8,13
2003/1/8,8,17
2003/1/9,10,17
2003/1/10,12,16
2003/1/11,11,17
2003/1/12,10,18
2003/1/13,10,20
2003/1/14,12,21
2003/1/15,16,21
2003/1/16,15,19
2003/1/17,13,22
2003/1/18,14,24
2003/1/19,14,23
2003/1/20,17,22
2003/1/21,16,21
2003/1/22,14,21
2003/1/23,17,20
2003/1/24,16,18
2003/1/25,17,23
2003/1/26,19,25
2003/1/27,12,21
2003/1/28,11,16
2003/1/29,12,19
2003/1/30,16,19
2003/1/31,17,22
2003/2/1,16,22
2003/2/2,14,17
2003/2/3,14,16
2003/2/4,12,18
2003/2/5,12,18
2003/2/6,13,19
2003/2/7,16,18
2003/2/8,16,21
2003/2/9,18,23
2003/2/10,18,24
2003/2/11,17,24
2003/2/12,14,19
2003/2/13,14,18
2003/2/14,17,20
2003/2/15,19,26
2003/2/16,20,25
2003/2/17,18,21
2003/2/18,18,23
2003/2/19,18,25
2003/2/20,17,21
2003/2/21,18,24
2003/2/22,20,27
2003/2/23,19,25
2003/2/24,20,26
2003/2/25,18,23
2003/2/26,20,27
2003/2/27,19,27
2003/2/28,20,25
2003/3/1,20,26
2003/3/2,21,26
2003/3/3,22,25
2003/3/4,19,24
2003/3/5,18,25
2003/3/6,12,24
2003/3/7,10,16
2003/3/8,12,17
2003/3/9,15,17
2003/3/10,13,19
2003/3/11,15,21
2003/3/12,17,22
2003/3/13,18,25
2003/3/14,17,22
2003/3/15,20,23
2003/3/16,21,27
2003/3/17,22,28
2003/3/18,19,24
2003/3/19,16,19
2003/3/20,14,16
2003/3/21,14,20
2003/3/22,17,21
2003/3/23,18,20
2003/3/24,17,22
2003/3/25,18,25
2003/3/26,20,25
2003/3/27,21,27
2003/3/28,20,24
2003/3/29,20,25
2003/3/30,21,25
2003/3/31,22,28
2003/4/1,24,28
2003/4/2,26,28
2003/4/3,24,28
2003/4/4,21,28
2003/4/5,19,22
2003/4/6,19,21
2003/4/7,20,25
2003/4/8,20,26
2003/4/9,19,23
2003/4/10,19,22
2003/4/11,22,27
2003/4/12,26,29
2003/4/13,26,29
2003/4/14,21,27
2003/4/15,21,23
2003/4/16,21,25
2003/4/17,22,29
2003/4/18,24,30
2003/4/19,25,30
2003/4/20,24,31
2003/4/21,25,30
2003/4/22,23,28
2003/4/23,23,30
2003/4/24,24,31
2003/4/25,26,29
2003/4/26,25,32
2003/4/27,24,30
2003/4/28,24,30
2003/4/29,25,31
2003/4/30,24,30
2003/5/1,23,28
2003/5/2,24,28
2003/5/3,24,27
2003/5/4,23,28
2003/5/5,22,28
2003/5/6,28,31
2003/5/7,28,31
2003/5/8,28,32
2003/5/9,26,29
2003/5/10,25,30
2003/5/11,25,30
2003/5/12,26,31
2003/5/13,26,32
2003/5/14,27,32
2003/5/15,27,33
2003/5/16,29,32
2003/5/17,29,33
2003/5/18,24,29
2003/5/19,23,29
2003/5/20,26,31
2003/5/21,27,33
2003/5/22,27,32
2003/5/23,27,32
2003/5/24,27,33
2003/5/25,26,32
2003/5/26,27,33
2003/5/27,27,31
2003/5/28,26,28
2003/5/29,25,29
2003/5/30,27,32
2003/5/31,26,33
2003/6/1,26,32
2003/6/2,25,32
2003/6/3,25,31
2003/6/4,27,31
2003/6/5,26,32
2003/6/6,27,32
2003/6/7,25,29
2003/6/8,26,31
2003/6/9,26,28
2003/6/10,25,29
2003/6/11,24,28
2003/6/12,25,29
2003/6/13,24,30
2003/6/14,25,29
2003/6/15,25,29
2003/6/16,25,29
2003/6/17,26,31
2003/6/18,26,33
2003/6/19,27,34
2003/6/20,27,32
2003/6/21,26,30
2003/6/22,27,31
2003/6/23,28,32
2003/6/24,28,33
2003/6/25,29,32
2003/6/26,29,33
2003/6/27,29,31
2003/6/28,26,32
2003/6/29,29,32
2003/6/30,27,32
2003/7/1,28,33
2003/7/2,28,33
2003/7/3,27,35
2003/7/4,27,34
2003/7/5,28,34
2003/7/6,28,33
2003/7/7,29,34
2003/7/8,29,34
2003/7/9,29,33
2003/7/10,28,33
2003/7/11,27,33
2003/7/12,28,33
2003/7/13,29,34
2003/7/14,29,35
2003/7/15,29,35
2003/7/16,29,35
2003/7/17,29,35
2003/7/18,29,34
2003/7/19,28,34
2003/7/20,29,34
2003/7/21,27,33
2003/7/22,28,35
2003/7/23,27,35
2003/7/24,27,31
2003/7/25,27,30
2003/7/26,28,32
2003/7/27,27,33
2003/7/28,28,33
2003/7/29,27,32
2003/7/30,27,33
2003/7/31,28,34
2003/8/1,28,34
2003/8/2,29,34
2003/8/3,28,35
2003/8/4,25,35
2003/8/5,26,32
2003/8/6,27,31
2003/8/7,28,31
2003/8/8,28,33
2003/8/9,29,34
2003/8/10,28,34
2003/8/11,29,33
2003/8/12,27,33
2003/8/13,28,33
2003/8/14,28,31
2003/8/15,29,33
2003/8/16,27,30
2003/8/17,27,32
2003/8/18,27,33
2003/8/19,27,33
2003/8/20,26,32
2003/8/21,25,29
2003/8/22,25,31
2003/8/23,28,33
2003/8/24,26,33
2003/8/25,26,29
2003/8/26,28,30
2003/8/27,28,32
2003/8/28,26,32
2003/8/29,26,32
2003/8/30,27,33
2003/8/31,27,34
2003/9/1,28,34
2003/9/2,25,30
2003/9/3,25,29
2003/9/4,27,29
2003/9/5,27,32
2003/9/6,26,29
2003/9/7,26,31
2003/9/8,26,31
2003/9/9,27,33
2003/9/10,26,33
2003/9/11,27,32
2003/9/12,27,33
2003/9/13,28,33
2003/9/14,26,29
2003/9/15,25,28
2003/9/16,27,31
2003/9/17,27,32
2003/9/18,26,33
2003/9/19,28,33
2003/9/20,27,34
2003/9/21,27,32
2003/9/22,23,27
2003/9/23,24,29
2003/9/24,25,30
2003/9/25,26,33
2003/9/26,27,32
2003/9/27,27,32
2003/9/28,27,33
2003/9/29,28,32
2003/9/30,27,32
2003/10/1,27,32
2003/10/2,26,31
2003/10/3,27,32
2003/10/4,25,31
2003/10/5,25,31
2003/10/6,25,29
2003/10/7,23,28
2003/10/8,24,29
2003/10/9,27,32
2003/10/10,27,30
2003/10/11,26,29
2003/10/12,26,31
2003/10/13,24,31
2003/10/14,21,24
2003/10/15,20,24
2003/10/16,22,27
2003/10/17,23,28
2003/10/18,22,29
2003/10/19,23,27
2003/10/20,23,28
2003/10/21,21,28
2003/10/22,22,28
2003/10/23,22,29
2003/10/24,22,27
2003/10/25,21,30
2003/10/26,23,29
2003/10/27,23,29
2003/10/28,22,29
2003/10/29,24,29
2003/10/30,23,27
2003/10/31,22,27
2003/11/1,21,28
2003/11/2,22,30
2003/11/3,23,33
2003/11/4,24,28
2003/11/5,23,28
2003/11/6,22,29
2003/11/7,24,29
2003/11/8,24,26
2003/11/9,22,25
2003/11/10,17,23
2003/11/11,16,21
2003/11/12,14,21
2003/11/13,16,23
2003/11/14,22,26
2003/11/15,20,27
2003/11/16,24,27
2003/11/17,21,24
2003/11/18,22,25
2003/11/19,23,27
2003/11/20,24,28
2003/11/21,19,25
2003/11/22,18,21
2003/11/23,19,25
2003/11/24,20,27
2003/11/25,20,26
2003/11/26,20,25
2003/11/27,19,23
2003/11/28,16,22
2003/11/29,14,20
2003/11/30,13,18
2003/12/1,15,21
2003/12/2,15,22
2003/12/3,16,23
2003/12/4,18,24
2003/12/5,19,25
2003/12/6,20,27
2003/12/7,17,23
2003/12/8,16,21
2003/12/9,17,20
2003/12/10,15,18
2003/12/11,15,20
2003/12/12,13,19
2003/12/13,12,19
2003/12/14,13,19
2003/12/15,13,18
2003/12/16,14,19
2003/12/17,14,21
2003/12/18,15,21
2003/12/19,12,17
2003/12/20,10,16
2003/12/21,11,18
2003/12/22,13,20
2003/12/23,14,21
2003/12/24,15,23
2003/12/25,15,23
2003/12/26,17,22
2003/12/27,13,18
2003/12/28,13,20
2003/12/29,14,21
2003/12/30,16,23
2003/12/31,15,23
2004/1/1,17,22
2004/1/2,17,22
2004/1/3,17,23
2004/1/4,18,24
2004/1/5,19,23
2004/1/6,17,23
2004/1/7,17,23
2004/1/8,18,23
2004/1/9,18,24
2004/1/10,19,21
2004/1/11,16,20
2004/1/12,14,17
2004/1/13,10,16
2004/1/14,15,20
2004/1/15,16,22
2004/1/16,16,22
2004/1/17,12,18
2004/1/18,14,17
2004/1/19,9,13
2004/1/20,8,10
2004/1/21,7,13
2004/1/22,8,15
2004/1/23,8,15
2004/1/24,9,14
2004/1/25,8,14
2004/1/26,12,15
2004/1/27,12,14
2004/1/28,11,15
2004/1/29,12,16
2004/1/30,14,19
2004/1/31,16,20
2004/2/1,18,22
2004/2/2,15,22
2004/2/3,10,15
2004/2/4,8,10
2004/2/5,7,12
2004/2/6,11,13
2004/2/7,9,13
2004/2/8,8,9
2004/2/9,7,15
2004/2/10,10,18
2004/2/11,15,20
2004/2/12,15,23
2004/2/13,15,21
2004/2/14,13,23
2004/2/15,17,24
2004/2/16,18,23
2004/2/17,19,24
2004/2/18,17,24
2004/2/19,18,24
2004/2/20,19,25
2004/2/21,20,24
2004/2/22,19,26
2004/2/23,19,22
2004/2/24,18,21
2004/2/25,19,22
2004/2/26,19,23
2004/2/27,19,24
2004/2/28,20,25
2004/2/29,21,26
2004/3/1,24,27
2004/3/2,14,20
2004/3/3,13,16
2004/3/4,13,18
2004/3/5,16,20
2004/3/6,18,25
2004/3/7,17,23
2004/3/8,15,21
2004/3/9,15,23
2004/3/10,17,24
2004/3/11,21,26
2004/3/12,21,27
2004/3/13,20,23
2004/3/14,20,22
2004/3/15,20,24
2004/3/16,19,24
2004/3/17,21,27
2004/3/18,20,26
2004/3/19,18,23
2004/3/20,19,24
2004/3/21,19,23
2004/3/22,18,22
2004/3/23,18,21
2004/3/24,19,21
2004/3/25,18,20
2004/3/26,15,18
2004/3/27,14,17
2004/3/28,16,20
2004/3/29,19,20
2004/3/30,19,22
2004/3/31,19,22
2004/4/1,20,23
2004/4/2,19,23
2004/4/3,18,23
2004/4/4,19,26
2004/4/5,19,23
2004/4/6,21,25
2004/4/7,22,27
2004/4/8,18,21
2004/4/9,18,21
2004/4/10,20,26
2004/4/11,22,28
2004/4/12,23,29
2004/4/13,24,29
2004/4/14,22,27
2004/4/15,21,25
2004/4/16,22,25
2004/4/17,22,28
2004/4/18,22,27
2004/4/19,22,31
2004/4/20,23,30
2004/4/21,25,30
2004/4/22,26,32
2004/4/23,26,32
2004/4/24,23,28
2004/4/25,22,27
2004/4/26,24,29
2004/4/27,24,30
2004/4/28,23,26
2004/4/29,23,26
2004/4/30,24,30
2004/5/1,25,30
2004/5/2,26,31
2004/5/3,26,32
2004/5/4,22,28
2004/5/5,19,25
2004/5/6,23,28
2004/5/7,24,28
2004/5/8,23,27
2004/5/9,23,31
2004/5/10,24,32
2004/5/11,27,31
2004/5/12,27,32
2004/5/13,28,32
2004/5/14,23,29
2004/5/15,26,31
2004/5/16,26,32
2004/5/17,25,30
2004/5/18,25,29
2004/5/19,24,27
2004/5/20,23,28
2004/5/21,21,26
2004/5/22,23,27
2004/5/23,23,31
2004/5/24,24,32
2004/5/25,25,30
2004/5/26,26,31
2004/5/27,28,32
2004/5/28,26,32
2004/5/29,26,30
2004/5/30,26,30
2004/5/31,27,33
2004/6/1,26,31
2004/6/2,27,31
2004/6/3,27,33
2004/6/4,27,32
2004/6/5,27,32
2004/6/6,26,29
2004/6/7,25,29
2004/6/8,26,31
2004/6/9,25,33
2004/6/10,26,32
2004/6/11,27,33
2004/6/12,27,33
2004/6/13,27,33
2004/6/14,26,33
2004/6/15,27,31
2004/6/16,28,31
2004/6/17,28,33
2004/6/18,28,33
2004/6/19,29,35
2004/6/20,27,35
2004/6/21,26,32
2004/6/22,29,33
2004/6/23,30,32
2004/6/24,29,34
2004/6/25,29,32
2004/6/26,29,33
2004/6/27,29,34
2004/6/28,28,34
2004/6/29,30,36
2004/6/30,29,35
2004/7/1,30,37
2004/7/2,30,36
2004/7/3,29,33
2004/7/4,26,33
2004/7/5,29,33
2004/7/6,29,32
2004/7/7,29,33
2004/7/8,29,32
2004/7/9,29,33
2004/7/10,25,32
2004/7/11,27,32
2004/7/12,25,31
2004/7/13,26,31
2004/7/14,26,33
2004/7/15,27,34
2004/7/16,24,29
2004/7/17,25,31
2004/7/18,26,31
2004/7/19,26,31
2004/7/20,26,31
2004/7/21,26,29
2004/7/22,26,33
2004/7/23,28,33
2004/7/24,26,33
2004/7/25,27,33
2004/7/26,27,33
2004/7/27,27,32
2004/7/28,27,30
2004/7/29,25,28
2004/7/30,27,30
2004/7/31,27,32
2004/8/1,26,33
2004/8/2,27,33
2004/8/3,28,34
2004/8/4,28,33
2004/8/5,26,33
2004/8/6,26,29
2004/8/7,27,33
2004/8/8,27,32
2004/8/9,28,34
2004/8/10,29,36
2004/8/11,25,35
2004/8/12,27,31
2004/8/13,27,33
2004/8/14,26,34
2004/8/15,29,33
2004/8/16,28,33
2004/8/17,28,35
2004/8/18,30,35
2004/8/19,29,34
2004/8/20,26,31
2004/8/21,26,28
2004/8/22,27,29
2004/8/23,26,33
2004/8/24,28,33
2004/8/25,29,34
2004/8/26,26,30
2004/8/27,25,27
2004/8/28,26,30
2004/8/29,26,29
2004/8/30,26,30
2004/8/31,26,30
2004/9/1,28,33
2004/9/2,28,34
2004/9/3,28,33
2004/9/4,28,32
2004/9/5,27,33
2004/9/6,25,34
2004/9/7,27,34
2004/9/8,27,29
2004/9/9,24,27
2004/9/10,24,28
2004/9/11,25,28
2004/9/12,25,30
2004/9/13,25,30
2004/9/14,25,31
2004/9/15,26,32
2004/9/16,25,33
2004/9/17,27,31
2004/9/18,27,33
2004/9/19,26,30
2004/9/20,26,31
2004/9/21,24,32
2004/9/22,26,30
2004/9/23,25,31
2004/9/24,27,31
2004/9/25,27,30
2004/9/26,25,31
2004/9/27,25,31
2004/9/28,26,32
2004/9/29,26,32
2004/9/30,27,33
2004/10/1,26,32
2004/10/2,23,27
2004/10/3,21,26
2004/10/4,20,28
2004/10/5,21,29
2004/10/6,23,28
2004/10/7,23,29
2004/10/8,23,30
2004/10/9,23,29
2004/10/10,23,29
2004/10/11,23,29
2004/10/12,23,29
2004/10/13,24,30
2004/10/14,24,29
2004/10/15,24,29
2004/10/16,22,28
2004/10/17,22,28
2004/10/18,22,30
2004/10/19,23,28
2004/10/20,22,27
2004/10/21,24,28
2004/10/22,23,28
2004/10/23,23,28
2004/10/24,22,28
2004/10/25,21,29
2004/10/26,24,29
2004/10/27,21,27
2004/10/28,22,27
2004/10/29,22,28
2004/10/30,23,28
2004/10/31,22,28
2004/11/1,22,27
2004/11/2,21,28
2004/11/3,23,27
2004/11/4,22,27
2004/11/5,23,27
2004/11/6,22,27
2004/11/7,23,28
2004/11/8,23,27
2004/11/9,24,27
2004/11/10,24,28
2004/11/11,25,28
2004/11/12,24,29
2004/11/13,24,27
2004/11/14,24,29
2004/11/15,19,25
2004/11/16,17,20
2004/11/17,18,22
2004/11/18,17,25
2004/11/19,17,24
2004/11/20,17,23
2004/11/21,19,24
2004/11/22,19,25
2004/11/23,20,25
2004/11/24,21,26
2004/11/25,22,28
2004/11/26,18,25
2004/11/27,16,21
2004/11/28,16,23
2004/11/29,18,27
2004/11/30,18,26
2004/12/1,20,26
2004/12/2,19,27
2004/12/3,20,25
2004/12/4,19,23
2004/12/5,16,22
2004/12/6,18,22
2004/12/7,18,22
2004/12/8,15,21
2004/12/9,15,22
2004/12/10,16,23
2004/12/11,18,23
2004/12/12,16,23
2004/12/13,15,22
2004/12/14,17,24
2004/12/15,18,24
2004/12/16,19,25
2004/12/17,19,23
2004/12/18,17,24
2004/12/19,19,23
2004/12/20,17,24
2004/12/21,19,23
2004/12/22,19,25
2004/12/23,19,25
2004/12/24,17,20
2004/12/25,17,21
2004/12/26,19,23
2004/12/27,16,20
2004/12/28,9,16
2004/12/29,7,14
2004/12/30,8,15
2004/12/31,7,11
2005/1/1,5,12
2005/1/2,10,14
2005/1/3,10,17
2005/1/4,14,16
2005/1/5,15,20
2005/1/6,14,20
2005/1/7,16,21
2005/1/8,17,19
2005/1/9,13,17
2005/1/10,11,17
2005/1/11,15,19
2005/1/12,13,17
2005/1/13,9,14
2005/1/14,6,14
2005/1/15,9,14
2005/1/16,9,16
2005/1/17,11,18
2005/1/18,14,20
2005/1/19,16,20
2005/1/20,14,18
2005/1/21,14,20
2005/1/22,16,20
2005/1/23,15,24
2005/1/24,18,23
2005/1/25,19,23
2005/1/26,17,24
2005/1/27,17,22
2005/1/28,16,21
2005/1/29,16,22
2005/1/30,13,20
2005/1/31,12,14
2005/2/1,10,13
2005/2/2,10,14
2005/2/3,12,15
2005/2/4,15,20
2005/2/5,19,21
2005/2/6,19,22
2005/2/7,19,25
2005/2/8,17,25
2005/2/9,19,25
2005/2/10,17,22
2005/2/11,14,19
2005/2/12,16,20
2005/2/13,16,22
2005/2/14,16,21
2005/2/15,19,24
2005/2/16,22,26
2005/2/17,17,25
2005/2/18,11,17
2005/2/19,10,13
2005/2/20,8,10
2005/2/21,8,10
2005/2/22,9,12
2005/2/23,12,21
2005/2/24,16,23
2005/2/25,17,21
2005/2/26,14,17
2005/2/27,14,15
2005/2/28,11,15
2005/3/1,12,15
2005/3/2,12,14
2005/3/3,11,15
2005/3/4,11,14
2005/3/5,9,16
2005/3/6,12,19
2005/3/7,13,20
2005/3/8,15,23
2005/3/9,18,24
2005/3/10,20,23
2005/3/11,21,25
2005/3/12,9,23
2005/3/13,9,11
2005/3/14,10,14
2005/3/15,13,18
2005/3/16,17,24
2005/3/17,18,28
2005/3/18,17,22
2005/3/19,15,22
2005/3/20,16,23
2005/3/21,19,25
2005/3/22,20,25
2005/3/23,17,22
2005/3/24,16,22
2005/3/25,17,19
2005/3/26,16,20
2005/3/27,19,25
2005/3/28,21,28
2005/3/29,18,27
2005/3/30,17,21
2005/3/31,17,19
2005/4/1,18,20
2005/4/2,18,23
2005/4/3,19,25
2005/4/4,19,25
2005/4/5,19,23
2005/4/6,20,26
2005/4/7,20,28
2005/4/8,23,29
2005/4/9,24,29
2005/4/10,24,28
2005/4/11,24,27
2005/4/12,16,26
2005/4/13,14,18
2005/4/14,17,23
2005/4/15,20,25
2005/4/16,21,23
2005/4/17,20,24
2005/4/18,21,27
2005/4/19,22,27
2005/4/20,23,29
2005/4/21,23,28
2005/4/22,22,28
2005/4/23,24,29
2005/4/24,24,29
2005/4/25,25,27
2005/4/26,23,27
2005/4/27,19,24
2005/4/28,23,30
2005/4/29,27,30
2005/4/30,27,30
2005/5/1,19,29
2005/5/2,27,31
2005/5/3,27,30
2005/5/4,27,29
2005/5/5,19,31
2005/5/6,20,29
2005/5/7,24,28
2005/5/8,23,28
2005/5/9,22,27
2005/5/10,24,29
2005/5/11,24,28
2005/5/12,25,31
2005/5/13,14,32
2005/5/14,28,32
2005/5/15,29,32
2005/5/16,29,32
2005/5/17,28,32
2005/5/18,28,32
2005/5/19,26,30
2005/5/20,26,30
2005/5/21,27,31
2005/5/22,19,32
2005/5/23,26,31
2005/5/24,24,31
2005/5/25,26,30
2005/5/26,17,28
2005/5/27,24,31
2005/5/28,25,32
2005/5/29,19,30
2005/5/30,25,31
2005/5/31,25,30
2005/6/1,19,31
2005/6/2,28,31
2005/6/3,26,34
2005/6/4,26,31
2005/6/5,22,28
2005/6/6,25,29
2005/6/7,24,28
2005/6/8,26,30
2005/6/9,25,30
2005/6/10,25,32
2005/6/11,28,34
2005/6/12,27,32
2005/6/13,26,30
2005/6/14,25,33
2005/6/15,25,30
2005/6/16,25,28
2005/6/17,26,31
2005/6/18,28,31
2005/6/19,29,32
2005/6/20,29,31
2005/6/21,25,30
2005/6/22,24,29
2005/6/23,25,29
2005/6/24,25,30
2005/6/25,28,32
2005/6/26,27,31
2005/6/27,28,32
2005/6/28,28,32
2005/6/29,25,32
2005/6/30,25,28
2005/7/1,25,30
2005/7/2,27,32
2005/7/3,27,33
2005/7/4,28,33
2005/7/5,28,33
2005/7/6,27,34
2005/7/7,26,30
2005/7/8,27,31
2005/7/9,25,29
2005/7/10,28,32
2005/7/11,28,32
2005/7/12,28,33
2005/7/13,27,33
2005/7/14,29,34
2005/7/15,28,34
2005/7/16,27,33
2005/7/17,28,34
2005/7/18,30,37
2005/7/19,31,37
2005/7/20,26,37
2005/7/21,27,33
2005/7/22,25,30
2005/7/23,27,31
2005/7/24,26,32
2005/7/25,27,33
2005/7/26,26,33
2005/7/27,28,34
2005/7/28,28,35
2005/7/29,26,31
2005/7/30,27,30
2005/7/31,27,30
2005/8/1,28,33
2005/8/2,27,33
2005/8/3,28,33
2005/8/4,28,34
2005/8/5,28,33
2005/8/6,27,34
2005/8/7,29,33
2005/8/8,28,34
2005/8/9,27,33
2005/8/10,27,32
2005/8/11,27,33
2005/8/12,27,34
2005/8/13,24,32
2005/8/14,27,32
2005/8/15,27,31
2005/8/16,25,30
2005/8/17,26,29
2005/8/18,26,29
2005/8/19,25,27
2005/8/20,24,28
2005/8/21,27,29
2005/8/22,28,31
2005/8/23,27,32
2005/8/24,25,31
2005/8/25,27,29
2005/8/26,27,30
2005/8/27,27,32
2005/8/28,28,33
2005/8/29,27,33
2005/8/30,28,33
2005/8/31,26,34
2005/9/1,29,33
2005/9/2,29,32
2005/9/3,26,31
2005/9/4,26,29
2005/9/5,27,33
2005/9/6,27,33
2005/9/7,28,32
2005/9/8,28,32
2005/9/9,26,31
2005/9/10,26,31
2005/9/11,26,33
2005/9/12,28,34
2005/9/13,28,33
2005/9/14,28,35
2005/9/15,29,34
2005/9/16,29,35
2005/9/17,26,34
2005/9/18,26,33
2005/9/19,28,33
2005/9/20,27,32
2005/9/21,27,33
2005/9/22,29,34
2005/9/23,27,33
2005/9/24,25,29
2005/9/25,24,29
2005/9/26,25,28
2005/9/27,26,30
2005/9/28,27,32
2005/9/29,27,30
2005/9/30,25,31
2005/10/1,26,32
2005/10/2,27,34
2005/10/3,29,32
2005/10/4,26,31
2005/10/5,26,30
2005/10/6,26,32
2005/10/7,28,33
2005/10/8,26,31
2005/10/9,25,31
2005/10/10,25,31
2005/10/11,26,32
2005/10/12,26,29
2005/10/13,26,30
2005/10/14,25,30
2005/10/15,26,30
2005/10/16,24,29
2005/10/17,25,30
2005/10/18,26,30
2005/10/19,24,30
2005/10/20,24,30
2005/10/21,25,31
2005/10/22,24,30
2005/10/23,21,27
2005/10/24,20,26
2005/10/25,23,28
2005/10/26,23,29
2005/10/27,25,31
2005/10/28,24,31
2005/10/29,22,27
2005/10/30,21,27
2005/10/31,20,25
2005/11/1,22,25
2005/11/2,24,29
2005/11/3,25,30
2005/11/4,24,31
2005/11/5,25,30
2005/11/6,24,31
2005/11/7,25,30
2005/11/8,26,30
2005/11/9,25,30
2005/11/10,25,30
2005/11/11,24,30
2005/11/12,25,31
2005/11/13,26,29
2005/11/14,25,30
2005/11/15,21,25
2005/11/16,19,24
2005/11/17,18,25
2005/11/18,19,24
2005/11/19,17,22
2005/11/20,15,22
2005/11/21,16,22
2005/11/22,16,23
2005/11/30,21,25
2005/12/1,20,26
2005/12/2,20,26
2005/12/3,22,25
2005/12/4,17,24
2005/12/5,12,17
2005/12/6,10,12
2005/12/7,11,16
2005/12/8,15,20
2005/12/9,18,24
2005/12/10,19,24
2005/12/11,17,22
2005/12/12,14,18
2005/12/13,13,18
2005/12/14,13,18
2005/12/15,12,18
2005/12/16,12,18
2005/12/17,14,20
2005/12/18,11,17
2005/12/19,12,18
2005/12/20,14,20
2005/12/21,13,18
2005/12/22,10,17
2005/12/23,10,18
2005/12/24,14,23
2005/12/25,18,23
2005/12/26,17,24
2005/12/27,16,22
2005/12/28,16,17
2005/12/29,16,21
2005/12/30,16,19
2005/12/31,17,23
2006/1/1,19,22
2006/1/2,17,22
2006/1/3,17,21
2006/1/4,18,24
2006/1/5,13,21
2006/1/6,10,13
2006/1/7,8,14
2006/1/8,11,13
2006/1/9,10,15
2006/1/10,14,17
2006/1/11,16,22
2006/1/12,18,23
2006/1/13,16,25
2006/1/14,18,24
2006/1/15,17,23
2006/1/16,19,24
2006/1/17,19,22
2006/1/18,19,25
2006/1/19,20,23
2006/1/20,13,21
2006/1/21,11,13
2006/1/22,11,13
2006/1/23,10,14
2006/1/24,10,17
2006/1/25,14,18
2006/1/26,12,17
2006/1/27,13,17
2006/1/28,14,17
2006/1/29,16,20
2006/1/30,19,24
2006/1/31,18,26
2006/2/1,19,23
2006/2/2,17,23
2006/2/3,18,23
2006/2/4,16,18
2006/2/5,15,19
2006/2/6,15,24
2006/2/7,17,23
2006/2/8,16,23
2006/2/9,16,20
2006/2/10,14,21
2006/2/11,16,23
2006/2/12,17,22
2006/2/13,17,21
2006/2/14,19,21
2006/2/15,20,26
2006/2/16,20,26
2006/2/17,17,21
2006/2/18,12,17
2006/2/19,12,17
2006/2/20,15,18
2006/2/21,17,24
2006/2/22,20,26
2006/2/23,18,21
2006/2/24,18,20
2006/2/25,17,21
2006/2/26,17,22
2006/2/27,15,18
2006/2/28,10,17
2006/3/1,9,12
2006/3/2,10,15
2006/3/3,10,20
2006/3/4,15,18
2006/3/5,16,20
2006/3/6,17,21
2006/3/7,18,23
2006/3/8,19,24
2006/3/9,19,24
2006/3/10,19,26
2006/3/11,21,26
2006/3/12,14,26
2006/3/13,9,14
2006/3/14,9,15
2006/3/15,14,19
2006/3/16,16,21
2006/3/17,19,25
2006/3/18,21,28
2006/3/19,20,25
2006/3/20,18,22
2006/3/21,19,26
2006/3/22,21,26
2006/3/23,21,27
2006/3/24,18,21
2006/3/25,18,20
2006/3/26,19,22
2006/3/27,18,21
2006/3/28,17,23
2006/3/29,19,24
2006/3/30,20,25
2006/3/31,22,27
2006/4/1,22,28
2006/4/2,23,26
2006/4/3,23,29
2006/4/4,24,30
2006/4/5,25,29
2006/4/6,23,30
2006/4/7,21,24
2006/4/8,21,26
2006/4/9,24,28
2006/4/10,27,30
2006/4/11,27,31
2006/4/12,27,31
2006/4/13,18,28
2006/4/14,17,18
2006/4/15,15,17
2006/4/16,15,20
2006/4/17,19,24
2006/4/18,22,29
2006/4/19,23,30
2006/4/20,23,32
2006/4/21,23,29
2006/4/22,25,31
2006/4/23,26,33
2006/4/24,25,29
2006/4/25,24,28
2006/4/26,26,31
2006/4/27,27,30
2006/4/28,22,28
2006/4/29,21,25
2006/4/30,24,30
2006/5/1,26,31
2006/5/2,25,31
2006/5/3,23,25
2006/5/4,24,29
2006/5/5,26,31
2006/5/6,27,31
2006/5/7,28,31
2006/5/8,28,32
2006/5/9,27,32
2006/5/10,28,33
2006/5/11,27,32
2006/5/12,25,31
2006/5/13,23,30
2006/5/14,20,29
2006/5/15,23,28
2006/5/16,22,27
2006/5/17,21,25
2006/5/18,23,28
2006/5/19,22,30
2006/5/20,24,28
2006/5/21,24,27
2006/5/22,25,28
2006/5/23,25,28
2006/5/24,25,29
2006/5/25,26,30
2006/5/26,27,31
2006/5/27,27,28
2006/5/28,24,28
2006/5/29,23,24
2006/5/30,23,27
2006/5/31,24,30
2006/6/1,25,29
2006/6/2,25,28
2006/6/3,27,30
2006/6/4,28,31
2006/6/5,29,31
2006/6/6,28,32
2006/6/7,29,31
2006/6/8,28,31
2006/6/9,25,29
2006/6/10,23,26
2006/6/11,23,27
2006/6/12,24,27
2006/6/13,25,32
2006/6/14,28,31
2006/6/15,28,31
2006/6/16,28,32
2006/6/17,28,32
2006/6/18,28,32
2006/6/19,26,29
2006/6/20,26,30
2006/6/21,27,33
2006/6/22,28,30
2006/6/23,27,34
2006/6/24,28,35
2006/6/25,28,32
2006/6/26,28,33
2006/6/27,28,34
2006/6/28,26,30
2006/6/29,26,32
2006/6/30,27,33
2006/7/1,29,34
2006/7/2,29,33
2006/7/3,28,33
2006/7/4,28,32
2006/7/5,27,33
2006/7/6,29,34
2006/7/7,30,34
2006/7/8,29,33
2006/7/9,26,31
2006/7/10,29,32
2006/7/11,27,32
2006/7/12,28,33
2006/7/13,29,36
2006/7/14,30,34
2006/7/15,29,30
2006/7/16,26,30
2006/7/17,29,32
2006/7/18,29,32
2006/7/19,28,34
2006/7/20,27,34
2006/7/21,27,34
2006/7/22,28,34
2006/7/23,28,35
2006/7/24,28,37
2006/7/25,31,36
2006/7/26,26,31
2006/7/27,25,29
2006/7/28,25,29
2006/7/29,25,27
2006/7/30,26,31
2006/7/31,27,33
2006/8/1,27,34
2006/8/2,25,30
2006/8/3,25,28
2006/8/4,27,30
2006/8/5,26,31
2006/8/6,25,30
2006/8/7,26,32
2006/8/8,26,32
2006/8/9,27,33
2006/8/10,25,30
2006/8/11,27,31
2006/8/12,28,33
2006/8/13,28,34
2006/8/14,28,33
2006/8/15,28,32
2006/8/16,28,33
2006/8/17,28,34
2006/8/18,29,34
2006/8/19,25,31
2006/8/20,27,32
2006/8/21,27,34
2006/8/22,27,33
2006/8/23,25,33
2006/8/24,26,32
2006/8/25,26,31
2006/8/26,26,31
2006/8/27,27,32
2006/8/28,28,33
2006/8/29,28,32
2006/8/30,28,33
2006/8/31,28,33
2006/9/1,28,34
2006/9/2,29,34
2006/9/3,28,32
2006/9/4,26,31
2006/9/5,28,33
2006/9/6,26,31
2006/9/7,27,29
2006/9/8,27,30
2006/9/9,25,29
2006/9/10,22,27
2006/9/11,22,27
2006/9/12,20,23
2006/9/13,22,27
2006/9/14,25,29
2006/9/15,25,31
2006/9/16,26,29
2006/9/17,25,30
2006/9/18,24,30
2006/9/19,25,31
2006/9/20,25,30
2006/9/21,24,30
2006/9/22,26,32
2006/9/23,26,32
2006/9/24,25,28
2006/9/25,26,31
2006/9/26,25,32
2006/9/27,25,31
2006/9/28,25,30
2006/9/29,26,33
2006/9/30,26,30
2006/10/1,27,30
2006/10/2,26,30
2006/10/3,26,31
2006/10/4,25,31
2006/10/5,25,31
2006/10/6,24,29
2006/10/7,24,31
2006/10/8,25,30
2006/10/9,25,28
2006/10/10,24,30
2006/10/11,25,31
2006/10/12,25,32
2006/10/13,26,30
2006/10/14,25,30
2006/10/15,26,29
2006/10/16,23,30
2006/10/17,26,30
2006/10/18,26,30
2006/10/19,26,30
2006/10/20,24,30
2006/10/21,25,31
2006/10/22,25,30
2006/10/23,25,31
2006/10/24,26,30
2006/10/25,26,29
2006/10/26,25,30
2006/10/27,24,29
2006/10/28,23,30
2006/10/29,24,29
2006/10/30,24,30
2006/10/31,24,30
2006/11/1,24,28
2006/11/2,22,27
2006/11/3,22,28
2006/11/4,20,28
2006/11/5,21,28
2006/11/6,21,30
2006/11/7,20,28
2006/11/8,22,28
2006/11/9,22,29
2006/11/10,22,29
2006/11/11,23,31
2006/11/12,20,28
2006/11/13,21,27
2006/11/14,24,27
2006/11/15,21,25
2006/11/16,21,26
2006/11/17,23,28
2006/11/18,24,28
2006/11/19,23,25
2006/11/20,22,27
2006/11/21,20,25
2006/11/22,20,22
2006/11/23,21,24
2006/11/24,21,25
2006/11/25,23,25
2006/11/26,24,28
2006/11/27,19,25
2006/11/28,18,23
2006/11/29,20,23
2006/11/30,19,23
2006/12/1,17,21
2006/12/2,15,21
2006/12/3,17,23
2006/12/4,17,23
2006/12/5,18,23
2006/12/6,20,25
2006/12/7,21,26
2006/12/8,22,29
2006/12/9,19,24
2006/12/10,16,20
2006/12/11,17,21
2006/12/12,19,23
2006/12/13,17,22
2006/12/14,15,17
2006/12/15,14,18
2006/12/16,15,20
2006/12/17,13,19
2006/12/18,12,19
2006/12/19,13,20
2006/12/20,14,21
2006/12/21,15,20
2006/12/22,13,21
2006/12/23,15,20
2006/12/24,17,21
2006/12/25,14,22
2006/12/26,15,21
2006/12/27,14,24
2006/12/28,15,22
2006/12/29,13,18
2006/12/30,14,20
2006/12/31,15,22
